{"inputUnits":[34],"outputUnits":4,"inputs":{"0":{"dtype":"number","min":310.0453504298398,"max":346.08492905168737},"1":{"dtype":"number","min":128.78550628007736,"max":174.15977671364826},"2":{"dtype":"number","min":318.5383906373736,"max":353.0099963212338},"3":{"dtype":"number","min":119.55113755332098,"max":164.5229567142955},"4":{"dtype":"number","min":302.81429714626734,"max":337.3728545785647},"5":{"dtype":"number","min":120.72824511611671,"max":161.52322601853754},"6":{"dtype":"number","min":330.36847149884255,"max":369.01388305902015},"7":{"dtype":"number","min":131.6389682464897,"max":170.7374195002208},"8":{"dtype":"number","min":289.8272496868527,"max":338.01456771166465},"9":{"dtype":"number","min":122.12945235402958,"max":167.7786112110517},"10":{"dtype":"number","min":350.2823119879233,"max":392.0497312787448},"11":{"dtype":"number","min":177.432402374684,"max":223.4652403595387},"12":{"dtype":"number","min":267.9856114080775,"max":332.43853593197946},"13":{"dtype":"number","min":172.6753767284966,"max":219.86813390928864},"14":{"dtype":"number","min":376.5221647444756,"max":412.816777220014},"15":{"dtype":"number","min":207.50024747197853,"max":297.35334206742846},"16":{"dtype":"number","min":238.16053528069983,"max":315.9845773797286},"17":{"dtype":"number","min":191.16710045649063,"max":272.2677332708942},"18":{"dtype":"number","min":373.43398363734315,"max":484.8202841834947},"19":{"dtype":"number","min":205.74540939479772,"max":379.31381021094364},"20":{"dtype":"number","min":219.77971826148078,"max":301.2818052057634},"21":{"dtype":"number","min":190.4879142062241,"max":342.22290247272093},"22":{"dtype":"number","min":332.66296446207207,"max":373.0694294533534},"23":{"dtype":"number","min":268.21531656425134,"max":366.3794766253198},"24":{"dtype":"number","min":272.17708714059455,"max":319.0524038422642},"25":{"dtype":"number","min":300.05524811921293,"max":365.7147407159935},"26":{"dtype":"number","min":324.7659795512,"max":370.23408291167914},"27":{"dtype":"number","min":419.6366827297396,"max":496.4036643342432},"28":{"dtype":"number","min":273.1413765771579,"max":316.54730337637443},"29":{"dtype":"number","min":415.30111420689036,"max":490.55618077923214},"30":{"dtype":"number","min":318.57976731268747,"max":380.92906171118307},"31":{"dtype":"number","min":469.6963732981542,"max":556.4805702670508},"32":{"dtype":"number","min":268.87745520757187,"max":327.87814194231237},"33":{"dtype":"number","min":469.8517857006883,"max":555.1194382457472}},"outputs":{"0":{"dtype":"string","min":0,"max":1,"uniqueValues":["l","r","u","d"],"legend":{"l":[1,0,0,0],"r":[0,1,0,0],"u":[0,0,1,0],"d":[0,0,0,1]}}},"isNormalized":true}